Source,Target
https://toposens.com,https://toposens.com/cookie-richtlinie-eu/#cmplz-manage-consent-container
https://toposens.com,https://toposens.com/cookie-richtlinie-eu/#cmplz-cookies-overview
https://toposens.com,https://toposens.com/cookie-richtlinie-eu/#cmplz-tcf-wrapper
https://toposens.com,https://cookiedatabase.org/tcf/purposes
https://toposens.com,https://toposens.com/echo-one
https://toposens.com,https://toposens.com/toposens-processing-unit
https://toposens.com,https://toposens.com/ultrasonic-3d-echolocation-sensor
https://toposens.com,https://toposens.com/applications-3d-ultrasonic-sensor
https://toposens.com,https://toposens.com/agv-collision-avoidance
https://toposens.com,https://toposens.com/autonomous-parking
https://toposens.com,https://toposens.com/passenger-detection
https://toposens.com,https://toposens.com/presence-detection-system
https://toposens.com,https://toposens.com/about-us-toposens
https://toposens.com,https://toposens.com/news-3d-ultrasonic-sensor
https://toposens.com,https://toposens.com/blogs
https://toposens.com,https://toposens.com/partners
https://toposens.com,https://toposens.com/members
https://toposens.com,https://toposens.com/beacon-based-3d-tracking-system
https://toposens.com,https://toposens.com/wp-content/uploads/2021/10/Range_Finding_Sensor_Compendium_10_2021_MD.pdf
https://toposens.com,https://toposens.com/2022/07/19/launch-of-worlds-first-industrial-grade-3d-ultrasonic-collision-avoidance-sensor
https://toposens.com,https://toposens.com/2022/05/27/meet-us-at-logimat-2022
https://toposens.com,https://toposens.com/2022/04/04/toposens-launches-collision-avoidance-unit-dk
https://toposens.com,https://toposens.com/technology
https://toposens.com,https://www.xing.com/pages/toposens-gmbh
