Source,Target,Weight
https://blog.fantasmo.io/,https://medium.com/,1
https://blog.fantasmo.io/,https://blog.fantasmo.io/unlocking-the-future-with-semantic-3d-maps-3bcab22c3104?source=collection_home---4------0-----------------------,1
https://blog.fantasmo.io/,https://blog.fantasmo.io/@rmeasel,1
https://blog.fantasmo.io/,https://blog.fantasmo.io/the-technology-that-will-save-the-scooter-business-8bfdaf63fbdd?source=collection_home---4------1-----------------------,1
https://blog.fantasmo.io/,https://blog.fantasmo.io/@jamesoniam,1
https://blog.fantasmo.io/,https://blog.fantasmo.io/proposing-an-open-camera-positioning-standard-64113b6012e?source=collection_home---4------2-----------------------,1
https://blog.fantasmo.io/,https://blog.fantasmo.io/latest,1
https://blog.fantasmo.io/,https://blog.fantasmo.io/archive,1
https://medium.com/,https://medium.com/membership,1
https://medium.com/,https://xuorig.medium.com/graphql-is-a-trap-e83ca380aa8f?source=home---------0---------------------7d9966ed_c80c_4e61_8057_6c1e41618ed1-------7,1
https://medium.com/,https://medium.com/javascript-in-plain-english?source=home---------1---------------------7d9966ed_c80c_4e61_8057_6c1e41618ed1-------7,1
https://medium.com/,https://javascript.plainenglish.io/11-stupidly-simple-side-hustles-to-earn-extra-money-as-a-programmer-23fd30ca5cda?source=home---------1---------------------7d9966ed_c80c_4e61_8057_6c1e41618ed1-------7,1
https://medium.com/,https://medium.com/towards-data-science?source=home---------2---------------------7d9966ed_c80c_4e61_8057_6c1e41618ed1-------7,1
https://medium.com/,https://towardsdatascience.com/pyscript-unleash-the-power-of-python-in-your-browser-6e0123c6dc3f?source=home---------2---------------------7d9966ed_c80c_4e61_8057_6c1e41618ed1-------7,1
https://medium.com/,https://sebastiancarlos.medium.com/austria-buys-javascript-from-brendan-eich-3d2aa81e823b?source=home---------4---------------------7d9966ed_c80c_4e61_8057_6c1e41618ed1-------7,1
https://medium.com/,https://seanjkernan.medium.com/johnny-depp-will-likely-lose-his-50m-defamation-case-9d6627bd1b12?source=home---------5---------------------7d9966ed_c80c_4e61_8057_6c1e41618ed1-------7,1
https://medium.com/,https://zick709.medium.com/what-about-the-woke-right-d0f050250da7?source=home---------0------------------0----------,1
https://medium.com/,https://davidbclear.medium.com/why-the-improve-by-1-every-day-mantra-is-bullsh-t-c9be98f7dab9?source=home---------1------------------0----------,1
https://medium.com/,https://medium.com/human-parts?source=home---------2------------------0----------,1
https://medium.com/,https://daniel-williams737.medium.com/its-not-the-size-of-your-sabbatical-9d44f21c0962?source=home---------2------------------0----------,1
https://medium.com/,https://alexziperovich.com/getting-inside-putins-head-db7a53676f59?source=home---------3------------------0----------,1
https://medium.com/,https://4fishgreenberg.medium.com/my-mom-was-for-the-birds-173b2e406fa4?source=home---------4------------------0----------,1
https://medium.com/,https://medium.com/an-injustice?source=home---------5------------------0----------,1
https://medium.com/,https://aninjusticemag.com/what-does-the-perfect-work-day-look-like-1069f3dc7d2d?source=home---------5------------------0----------,1
https://medium.com/,https://newanddigital.medium.com/the-abercrombie-fitch-documentary-reveals-how-power-decides-whats-cool-b6677cba719d?source=home---------7------------------0----------,1
https://medium.com/,https://medium.com/fourth-wave?source=home---------8------------------0----------,1
https://medium.com/,https://medium.com/fourth-wave/pregnancy-is-dangerous-debilitating-and-costly-unpaid-work-7b4c82db11fd?source=home---------8------------------0----------,1
https://medium.com/,https://medium.com/human-parts?source=home---------9------------------0----------,1
https://medium.com/,https://humanparts.medium.com/men-cause-100-of-unwanted-pregnancies-eb0e8288a7e5?source=home---------9------------------0----------,1
https://medium.com/,https://medium.statuspage.io/?source=home-------------------------------------,1
https://medium.com/,https://blog.medium.com/?source=home-------------------------------------,1
https://medium.com/,https://medium.com/jobs-at-medium/work-at-medium-959d1a85284e?source=home-------------------------------------,1
https://medium.com/,https://knowable.fyi/?source=home-------------------------------------,1
https://medium.com/,https://medium.com/?source=home-------------------------------------,1
https://blog.fantasmo.io/unlocking-the-future-with-semantic-3d-maps-3bcab22c3104?source=collection_home---4------0-----------------------,https://blog.fantasmo.io/search,1
https://blog.fantasmo.io/unlocking-the-future-with-semantic-3d-maps-3bcab22c3104?source=collection_home---4------0-----------------------,https://blog.fantasmo.io/?source=post_page-----3bcab22c3104--------------------------------,1
https://blog.fantasmo.io/unlocking-the-future-with-semantic-3d-maps-3bcab22c3104?source=collection_home---4------0-----------------------,https://medium.com/?source=post_page-----3bcab22c3104--------------------------------,1
https://blog.fantasmo.io/@rmeasel,https://medium.com/search,1
https://blog.fantasmo.io/@rmeasel,https://medium.com/fantasmo-studios?source=user_profile---------0----------------------------,1
https://blog.fantasmo.io/@rmeasel,https://medium.com/fantasmo-studios/unlocking-the-future-with-semantic-3d-maps-3bcab22c3104?source=user_profile---------0----------------------------,1
https://blog.fantasmo.io/@rmeasel,https://medium.com/fantasmo-studios?source=user_profile---------1----------------------------,1
https://blog.fantasmo.io/@rmeasel,https://medium.com/fantasmo-studios/proposing-an-open-camera-positioning-standard-64113b6012e?source=user_profile---------1----------------------------,1
https://blog.fantasmo.io/the-technology-that-will-save-the-scooter-business-8bfdaf63fbdd?source=collection_home---4------1-----------------------,https://blog.fantasmo.io/?source=post_page-----8bfdaf63fbdd--------------------------------,1
https://blog.fantasmo.io/the-technology-that-will-save-the-scooter-business-8bfdaf63fbdd?source=collection_home---4------1-----------------------,https://blog.fantasmo.io/proposing-an-open-camera-positioning-standard-64113b6012e,1
https://blog.fantasmo.io/the-technology-that-will-save-the-scooter-business-8bfdaf63fbdd?source=collection_home---4------1-----------------------,https://fantasmo.io/home,1
https://blog.fantasmo.io/the-technology-that-will-save-the-scooter-business-8bfdaf63fbdd?source=collection_home---4------1-----------------------,https://medium.com/?source=post_page-----8bfdaf63fbdd--------------------------------,1
https://blog.fantasmo.io/the-technology-that-will-save-the-scooter-business-8bfdaf63fbdd?source=collection_home---4------1-----------------------,https://medium.com/startuprad-io/meet-finoa-they-want-to-build-a-crypto-bank-3761c485e04d?source=read_next_recirc---------1---------------------73e986ae_3305_47b9_971c_c84c7603344c-------,1
https://blog.fantasmo.io/the-technology-that-will-save-the-scooter-business-8bfdaf63fbdd?source=collection_home---4------1-----------------------,https://blog.startuprad.io/?source=read_next_recirc---------1---------------------73e986ae_3305_47b9_971c_c84c7603344c-------,1
https://blog.fantasmo.io/the-technology-that-will-save-the-scooter-business-8bfdaf63fbdd?source=collection_home---4------1-----------------------,https://medium.com/startuprad-io?source=read_next_recirc---------1---------------------73e986ae_3305_47b9_971c_c84c7603344c-------,1
https://blog.fantasmo.io/the-technology-that-will-save-the-scooter-business-8bfdaf63fbdd?source=collection_home---4------1-----------------------,https://medium.com/proof-of-value/with-ai-chips-could-be-the-next-trillion-dollar-industry-heres-why-2c3d05568d80?source=read_next_recirc---------2---------------------73e986ae_3305_47b9_971c_c84c7603344c-------,1
https://blog.fantasmo.io/the-technology-that-will-save-the-scooter-business-8bfdaf63fbdd?source=collection_home---4------1-----------------------,https://medium.com/proof-of-value?source=read_next_recirc---------2---------------------73e986ae_3305_47b9_971c_c84c7603344c-------,1
https://blog.fantasmo.io/the-technology-that-will-save-the-scooter-business-8bfdaf63fbdd?source=collection_home---4------1-----------------------,https://macguyvertech.medium.com/mac-speaks-what-does-blockchain-mean-to-you-and-your-clients-c88e63229010?source=read_next_recirc---------3---------------------73e986ae_3305_47b9_971c_c84c7603344c-------,1
https://blog.fantasmo.io/the-technology-that-will-save-the-scooter-business-8bfdaf63fbdd?source=collection_home---4------1-----------------------,https://macguyvertech.medium.com/?source=read_next_recirc---------3---------------------73e986ae_3305_47b9_971c_c84c7603344c-------,1
https://blog.fantasmo.io/the-technology-that-will-save-the-scooter-business-8bfdaf63fbdd?source=collection_home---4------1-----------------------,https://medium.statuspage.io/,1
https://blog.fantasmo.io/the-technology-that-will-save-the-scooter-business-8bfdaf63fbdd?source=collection_home---4------1-----------------------,https://blog.medium.com/,1
https://blog.fantasmo.io/the-technology-that-will-save-the-scooter-business-8bfdaf63fbdd?source=collection_home---4------1-----------------------,https://medium.com/jobs-at-medium/work-at-medium-959d1a85284e,1
https://blog.fantasmo.io/the-technology-that-will-save-the-scooter-business-8bfdaf63fbdd?source=collection_home---4------1-----------------------,https://knowable.fyi/,1
https://blog.fantasmo.io/@jamesoniam,https://medium.com/fantasmo-studios/the-technology-that-will-save-the-scooter-business-8bfdaf63fbdd?source=user_profile---------0----------------------------,1
https://blog.fantasmo.io/proposing-an-open-camera-positioning-standard-64113b6012e?source=collection_home---4------2-----------------------,https://blog.fantasmo.io/?source=post_page-----64113b6012e--------------------------------,1
https://blog.fantasmo.io/proposing-an-open-camera-positioning-standard-64113b6012e?source=collection_home---4------2-----------------------,https://clintonwhitehouse3.archives.gov/WH/EOP/OSTP/html/0053_2.html,1
https://blog.fantasmo.io/proposing-an-open-camera-positioning-standard-64113b6012e?source=collection_home---4------2-----------------------,https://grpc.io/blog/principles,1
https://blog.fantasmo.io/proposing-an-open-camera-positioning-standard-64113b6012e?source=collection_home---4------2-----------------------,http://camerapositioning.io/,1
https://blog.fantasmo.io/proposing-an-open-camera-positioning-standard-64113b6012e?source=collection_home---4------2-----------------------,https://cameraposition.slack.com/join/shared_invite/enQtMzgyMjMwNzEwMDg2LTBlMGI3NmU0ZTA0NjY0NmVmM2JlNWY5ZjJiOWVkODE2YTM4MDZiMWIwYzk5OWU2N2NjZWFmM2QwMjM1YWQ0ZmM,1
https://blog.fantasmo.io/proposing-an-open-camera-positioning-standard-64113b6012e?source=collection_home---4------2-----------------------,http://eepurl.com/dwHJwb,1
https://blog.fantasmo.io/proposing-an-open-camera-positioning-standard-64113b6012e?source=collection_home---4------2-----------------------,https://intertech.medium.com/cracked-codes-morning-habits-more-8abf36a372ca?source=post_internal_links---------0----------------------------,1
https://blog.fantasmo.io/proposing-an-open-camera-positioning-standard-64113b6012e?source=collection_home---4------2-----------------------,https://intertech.medium.com/?source=post_internal_links---------0----------------------------,1
https://blog.fantasmo.io/proposing-an-open-camera-positioning-standard-64113b6012e?source=collection_home---4------2-----------------------,https://blog.lenskart.com/lenskarts-devops-journey-part-1-c93cf486440d?source=post_internal_links---------1----------------------------,1
https://blog.fantasmo.io/proposing-an-open-camera-positioning-standard-64113b6012e?source=collection_home---4------2-----------------------,https://blog.lenskart.com/?source=post_internal_links---------1----------------------------,1
https://blog.fantasmo.io/proposing-an-open-camera-positioning-standard-64113b6012e?source=collection_home---4------2-----------------------,https://narthanan.medium.com/introduction-to-sass-7d665f9e6695?source=post_internal_links---------2----------------------------,1
https://blog.fantasmo.io/proposing-an-open-camera-positioning-standard-64113b6012e?source=collection_home---4------2-----------------------,https://narthanan.medium.com/?source=post_internal_links---------2----------------------------,1
https://blog.fantasmo.io/proposing-an-open-camera-positioning-standard-64113b6012e?source=collection_home---4------2-----------------------,https://gursimar27.medium.com/configurating-hadoop-cluster-using-ansible-5bf215e6b975?source=post_internal_links---------3----------------------------,1
https://blog.fantasmo.io/proposing-an-open-camera-positioning-standard-64113b6012e?source=collection_home---4------2-----------------------,https://gursimar27.medium.com/?source=post_internal_links---------3----------------------------,1
https://blog.fantasmo.io/proposing-an-open-camera-positioning-standard-64113b6012e?source=collection_home---4------2-----------------------,https://ninaztech.medium.com/data-visualisation-basics-with-matplotlib-and-plotly-static-2d-plotting-part-1-8adffe2b882c?source=post_internal_links---------4----------------------------,1
https://blog.fantasmo.io/proposing-an-open-camera-positioning-standard-64113b6012e?source=collection_home---4------2-----------------------,https://ninaztech.medium.com/?source=post_internal_links---------4----------------------------,1
https://blog.fantasmo.io/proposing-an-open-camera-positioning-standard-64113b6012e?source=collection_home---4------2-----------------------,https://nishantpainter.medium.com/what-are-design-patterns-30f1360ffa6b?source=post_internal_links---------5----------------------------,1
https://blog.fantasmo.io/proposing-an-open-camera-positioning-standard-64113b6012e?source=collection_home---4------2-----------------------,https://nishantpainter.medium.com/?source=post_internal_links---------5----------------------------,1
https://blog.fantasmo.io/proposing-an-open-camera-positioning-standard-64113b6012e?source=collection_home---4------2-----------------------,https://medium.com/big-data-center-of-excellence/in-built-data-structure-that-might-entice-you-java-edition-932559e2ac6d?source=post_internal_links---------7----------------------------,1
https://blog.fantasmo.io/proposing-an-open-camera-positioning-standard-64113b6012e?source=collection_home---4------2-----------------------,https://medium.com/big-data-center-of-excellence?source=post_internal_links---------7----------------------------,1
https://blog.fantasmo.io/proposing-an-open-camera-positioning-standard-64113b6012e?source=collection_home---4------2-----------------------,https://medium.com/?source=post_page-----64113b6012e--------------------------------,1
https://blog.fantasmo.io/latest,https://blog.fantasmo.io/trending,1
https://blog.fantasmo.io/latest,https://blog.fantasmo.io/@rmeasel?source=---------0,1
https://blog.fantasmo.io/latest,https://blog.fantasmo.io/?source=---------0,1
https://blog.fantasmo.io/latest,https://blog.fantasmo.io/unlocking-the-future-with-semantic-3d-maps-3bcab22c3104?source=---------0,1
https://blog.fantasmo.io/latest,https://blog.fantasmo.io/@jamesoniam?source=---------1,1
https://blog.fantasmo.io/latest,https://blog.fantasmo.io/?source=---------1,1
https://blog.fantasmo.io/latest,https://blog.fantasmo.io/the-technology-that-will-save-the-scooter-business-8bfdaf63fbdd?source=---------1,1
https://blog.fantasmo.io/latest,https://blog.fantasmo.io/@rmeasel?source=---------2,1
https://blog.fantasmo.io/latest,https://blog.fantasmo.io/?source=---------2,1
https://blog.fantasmo.io/latest,https://blog.fantasmo.io/proposing-an-open-camera-positioning-standard-64113b6012e?source=---------2,1
https://blog.fantasmo.io/archive,https://blog.fantasmo.io/?source=avatar-lo_e11ca019885f-47fca9f56e59,1
https://blog.fantasmo.io/archive,https://blog.fantasmo.io/?source=logo-lo_e11ca019885f---47fca9f56e59,1
https://blog.fantasmo.io/archive,https://blog.fantasmo.io/@rmeasel?source=collection_archive---------0-----------------------,1
https://blog.fantasmo.io/archive,https://blog.fantasmo.io/?source=collection_archive---------0-----------------------,1
https://blog.fantasmo.io/archive,https://blog.fantasmo.io/proposing-an-open-camera-positioning-standard-64113b6012e?source=collection_archive---------0-----------------------,1
https://blog.fantasmo.io/archive,https://blog.fantasmo.io/@rmeasel?source=collection_archive---------1-----------------------,1
https://blog.fantasmo.io/archive,https://blog.fantasmo.io/?source=collection_archive---------1-----------------------,1
https://blog.fantasmo.io/archive,https://blog.fantasmo.io/unlocking-the-future-with-semantic-3d-maps-3bcab22c3104?source=collection_archive---------1-----------------------,1
https://blog.fantasmo.io/archive,https://blog.fantasmo.io/@jamesoniam?source=collection_archive---------2-----------------------,1
https://blog.fantasmo.io/archive,https://blog.fantasmo.io/?source=collection_archive---------2-----------------------,1
https://blog.fantasmo.io/archive,https://blog.fantasmo.io/the-technology-that-will-save-the-scooter-business-8bfdaf63fbdd?source=collection_archive---------2-----------------------,1
https://blog.fantasmo.io/archive,https://blog.fantasmo.io/tagged/gps,1
https://blog.fantasmo.io/archive,https://blog.fantasmo.io/tagged/positioning,1
https://blog.fantasmo.io/archive,https://blog.fantasmo.io/tagged/mobility,1
https://blog.fantasmo.io/archive,https://blog.fantasmo.io/tagged/scooters,1
https://blog.fantasmo.io/archive,https://blog.fantasmo.io/tagged/transportation,1
https://blog.fantasmo.io/archive,https://blog.fantasmo.io/tagged/micromobility,1
https://blog.fantasmo.io/archive,https://blog.fantasmo.io/tagged/robotics,1
https://blog.fantasmo.io/archive,https://blog.fantasmo.io/tagged/camera-positioning,1
https://blog.fantasmo.io/archive,https://blog.fantasmo.io/tagged/3d-mapping,1
https://blog.fantasmo.io/archive,https://blog.fantasmo.io/tagged/augmented-reality,1
https://blog.fantasmo.io/archive,https://blog.fantasmo.io/@jamesoniam?source=collection-archive,1
https://blog.fantasmo.io/archive,https://blog.fantasmo.io/@rmeasel?source=collection-archive,1
https://blog.fantasmo.io/archive,https://blog.fantasmo.io/@ilanpenn?source=collection-archive,1
https://blog.fantasmo.io/archive,https://blog.fantasmo.io/@ilanpenn,1
https://blog.fantasmo.io/archive,https://blog.fantasmo.io/@justin_28718?source=collection-archive,1
https://blog.fantasmo.io/archive,https://blog.fantasmo.io/@justin_28718,1
