Source,Target
https://reckonpoint.com/,https://reckonpoint.com/#
https://reckonpoint.com/,https://reckonpoint.com/indoor-lidar-survey/
https://reckonpoint.com/,https://reckonpoint.com/maps-wayfinding/
https://reckonpoint.com/,https://reckonpoint.com/tracking-positioning/
https://reckonpoint.com/,https://reckonpoint.com/360o-interactive-virtual-tours/
https://reckonpoint.com/,https://reckonpoint.com/in-the-news/
https://reckonpoint.com/,https://reckonpoint.com/blog/
https://reckonpoint.com/,https://reckonpoint.com/contact/
https://reckonpoint.com/,https://reckonpoint.com/get-an-estimate/
https://reckonpoint.com/,https://reckonpoint.com/indoor-geo-location-emitter-technologies/
https://reckonpoint.com/,https://reckonpoint.com/author/gabe-garzareckonpoint-com/
https://reckonpoint.com/,https://reckonpoint.com/category/maps-navigation/
https://reckonpoint.com/,https://reckonpoint.com/category/indoor-positioning/
https://reckonpoint.com/,https://reckonpoint.com/airport-wayfinding-in-san-antonio/
https://reckonpoint.com/,https://reckonpoint.com/category/airport-navigation/
https://reckonpoint.com/,https://reckonpoint.com/warehouse-management-asset-tracking/
https://reckonpoint.com/,https://reckonpoint.com/category/asset-tracking/
https://reckonpoint.com/,https://reckonpoint.com/media/
https://reckonpoint.com/,https://reckonpoint.com/privacy-policy/
https://reckonpoint.com/indoor-lidar-survey/,https://reckonpoint.com/indoor-lidar-survey/#
https://reckonpoint.com/indoor-lidar-survey/,https://reckonpoint.com/indoor-lidar-survey/#tab-1527662892-2-98
https://reckonpoint.com/indoor-lidar-survey/,https://reckonpoint.com/indoor-lidar-survey/#tab-1527662892-1-43
https://reckonpoint.com/maps-wayfinding/,https://reckonpoint.com/maps-wayfinding/#
https://reckonpoint.com/tracking-positioning/,https://reckonpoint.com/tracking-positioning/#
https://reckonpoint.com/360o-interactive-virtual-tours/,https://reckonpoint.com/360o-interactive-virtual-tours/#
https://reckonpoint.com/360o-interactive-virtual-tours/,https://makevt.com/media/tourmaker/jmvewcqhui/
https://reckonpoint.com/in-the-news/,https://reckonpoint.com/in-the-news/#
https://reckonpoint.com/in-the-news/,https://www.portsanantonio.us/Reckon-Point-Historic-Spaces
https://reckonpoint.com/in-the-news/,https://www.expressnews.com/sa-inc/article/San-Antonio-robots-robocity-USA-16168548.php
https://reckonpoint.com/in-the-news/,https://www.eventbrite.com/e/satx-robotix-presents-sa-women-in-robotics-tickets-136884740945?keep_tld=1#
https://reckonpoint.com/in-the-news/,https://www.jungledisk.com/blog/2018/09/18/reckonpoint-cyber-talk-radio/
https://reckonpoint.com/in-the-news/,https://therivardreport.com/san-antonio-startup-reckon-point-maps-airports-interior-with-help-from-robots/
https://reckonpoint.com/in-the-news/,https://www.startupssanantonio.com/startups-share-experiences-in-civtechsa/
https://reckonpoint.com/in-the-news/,https://www.civtech-sa.com/
https://reckonpoint.com/in-the-news/,https://www.sanantonio.gov/Aviation
https://reckonpoint.com/in-the-news/,https://www.ksat.com/news/tech-sa/tech-sa-local-startup-hoping-to-help-airport-with-indoor-navigation-system
https://reckonpoint.com/in-the-news/,https://www.bizjournals.com/sanantonio/news/2018/05/18/sa-robotics-startup-building-tool-for-easier.html
https://reckonpoint.com/in-the-news/,https://www.civtech-sa.com/2018/04/11/civtechsa-residency-celebration-event/
https://reckonpoint.com/in-the-news/,https://therivardreport.com/san-antonio-picks-reckon-point-kinetech-cloud-for-tech-issues/
https://reckonpoint.com/in-the-news/,http://tpr.org/post/san-antonio-enlisting-help-startups
https://reckonpoint.com/in-the-news/,https://www.sanantonio.gov/Commpa/News/ArtMID/1970/ArticleID/12846/City-of-San-Antonio-Geekdom-select-local-startups-for-CivTechSA-residency-program
https://reckonpoint.com/in-the-news/,https://therivardreport.com/local-startup-adds-sophistication-to-wearable-devices/
https://reckonpoint.com/blog/,https://reckonpoint.com/blog/#
https://reckonpoint.com/contact/,https://reckonpoint.com/contact/#
https://reckonpoint.com/get-an-estimate/,https://reckonpoint.com/get-an-estimate/#
https://reckonpoint.com/indoor-geo-location-emitter-technologies/,https://reckonpoint.com/indoor-geo-location-emitter-technologies/#
https://reckonpoint.com/indoor-geo-location-emitter-technologies/,https://reckonpoint.com/indoor-geo-location-emitter-technologies/#respond
https://reckonpoint.com/author/gabe-garzareckonpoint-com/,https://reckonpoint.com/author/gabe-garzareckonpoint-com/#
https://reckonpoint.com/category/maps-navigation/,https://reckonpoint.com/category/maps-navigation/#
https://reckonpoint.com/category/indoor-positioning/,https://reckonpoint.com/category/indoor-positioning/#
https://reckonpoint.com/airport-wayfinding-in-san-antonio/,https://reckonpoint.com/airport-wayfinding-in-san-antonio/#
https://reckonpoint.com/airport-wayfinding-in-san-antonio/,https://reckonpoint.com/airport-wayfinding-in-san-antonio/#respond
https://reckonpoint.com/category/airport-navigation/,https://reckonpoint.com/category/airport-navigation/#
https://reckonpoint.com/warehouse-management-asset-tracking/,https://reckonpoint.com/warehouse-management-asset-tracking/#
https://reckonpoint.com/warehouse-management-asset-tracking/,https://reckonpoint.com/warehouse-management-asset-tracking/#respond
https://reckonpoint.com/category/asset-tracking/,https://reckonpoint.com/category/asset-tracking/#
https://reckonpoint.com/media/,https://reckonpoint.com/media/#
https://reckonpoint.com/privacy-policy/,https://reckonpoint.com/privacy-policy/#
